ord,emm,edon,disn,edo,cabecera,pan,pri,prd,pvem,pt,mc,morena,indep,pan.pri.prd,pvem.pt.morena,efec,nr,nul,tot,lisnom,fuente
1,ags-2024.01,1,101,ags,JESUS MARIA,,,,,,15288,,,109134,90589,215011,137,7178,222326,364676,computo distrital ine pre-tepjf
2,ags-2024.02,1,102,ags,AGUASCALIENTES,,,,,,20862,,,90063,77616,188541,218,4533,193292,347196,computo distrital ine pre-tepjf
3,ags-2024.03,1,103,ags,AGUASCALIENTES,120511,14465,3473,,,16793,,,,76483,231725,230,9149,241104,385495,computo distrital ine pre-tepjf
4,bc-2024.01,2,201,bc,MEXICALI,,,,6802,3726,15030,77248,,60808,,163614,153,7249,171016,331719,computo distrital ine pre-tepjf
5,bc-2024.02,2,202,bc,MEXICALI,,,,8147,5581,14428,85145,,44286,,157587,149,8575,166311,342529,computo distrital ine pre-tepjf
6,bc-2024.03,2,203,bc,ENSENADA,,,,11088,10034,13802,84747,,38093,,157764,353,10939,169056,334438,computo distrital ine pre-tepjf
7,bc-2024.04,2,204,bc,TIJUANA,,,,11484,16245,14399,105946,,15671,,163745,203,9940,173888,364426,computo distrital ine pre-tepjf
8,bc-2024.05,2,205,bc,TIJUANA,,,,11858,12983,18945,89821,,55329,,188936,304,9864,199104,401515,computo distrital ine pre-tepjf
9,bc-2024.06,2,206,bc,TIJUANA,,,,14042,11688,18058,88852,,41679,,174319,256,10127,184702,380391,computo distrital ine pre-tepjf
10,bc-2024.07,2,207,bc,MEXICALI,,,,10091,6718,13874,82931,,31600,,145214,247,9712,155173,327244,computo distrital ine pre-tepjf
11,bc-2024.08,2,208,bc,TIJUANA,,,,,,14880,,,23821,122830,161531,214,4255,166000,358519,computo distrital ine pre-tepjf
12,bc-2024.09,2,209,bc,TECATE,,,,13310,7704,15959,87019,,23014,,147006,194,9979,157179,357047,computo distrital ine pre-tepjf
13,bcs-2024.01,3,301,bcs,LA PAZ,,,,,,15450,,,65966,110774,192190,146,5845,198181,345208,computo distrital ine pre-tepjf
14,bcs-2024.02,3,302,bcs,SAN JOSE DEL CABO,,,,,,8970,,,43598,79362,131930,177,4953,137060,268422,computo distrital ine pre-tepjf
15,cam-2024.01,4,401,cam,SAN FRANCISCO DE CAMPECHE,,,,,,84744,,,45978,101973,232695,156,6752,239603,347794,computo distrital ine pre-tepjf
16,cam-2024.02,4,402,cam,CIUDAD DEL CARMEN,,,,,,56572,,,21936,121322,199830,113,6291,206234,346824,computo distrital ine pre-tepjf
17,coa-2024.01,5,501,coa,PIEDRAS NEGRAS,,,,,,6410,,,91233,92012,189655,46,5018,194719,328757,computo distrital ine pre-tepjf
18,coa-2024.02,5,502,coa,SAN PEDRO,,,,,,5072,,,83709,104547,193328,68,5542,198938,290808,computo distrital ine pre-tepjf
19,coa-2024.03,5,503,coa,MONCLOVA,,,,,,7704,,,106163,97836,211703,45,4907,216655,329926,computo distrital ine pre-tepjf
20,coa-2024.04,5,504,coa,SALTILLO,,,,,,13177,,,112562,85476,211215,103,4110,215428,330576,computo distrital ine pre-tepjf
21,coa-2024.05,5,505,coa,TORREON,,,,,,5763,,,96677,87469,189909,69,3472,193450,276852,computo distrital ine pre-tepjf
22,coa-2024.06,5,506,coa,TORREON,,,,,,5885,,,84346,89878,180109,66,3427,183602,270346,computo distrital ine pre-tepjf
23,coa-2024.07,5,507,coa,SALTILLO,,,,,,11835,,,87796,98361,197992,88,4083,202163,326821,computo distrital ine pre-tepjf
24,coa-2024.08,5,508,coa,RAMOS ARIZPE,,,,,,5158,,,73475,88925,167558,41,4061,171660,256718,computo distrital ine pre-tepjf
25,col-2024.01,6,601,col,COLIMA,,,,,,32595,,,71068,77624,181287,192,5840,187319,308001,computo distrital ine pre-tepjf
26,col-2024.02,6,602,col,VALLE DE LAS GARZAS,,,,,,21548,,,36460,88278,146286,113,4864,151263,276286,computo distrital ine pre-tepjf
27,cps-2024.01,7,701,cps,PALENQUE,,,,,,11216,,,12235,170772,194223,140,13608,207971,284181,computo distrital ine pre-tepjf
28,cps-2024.02,7,702,cps,BOCHIL,,,,,,5335,,,47561,112828,165724,59,15458,181241,255637,computo distrital ine pre-tepjf
29,cps-2024.03,7,703,cps,OCOSINGO,,,,,,5661,,,10757,170248,186666,216,8709,195591,288804,computo distrital ine pre-tepjf
30,cps-2024.04,7,704,cps,PICHUCALCO,,,,,,13665,,,29746,136886,180297,117,19611,200025,282148,computo distrital ine pre-tepjf
31,cps-2024.05,7,705,cps,SAN CRISTOBAL DE LAS CASAS,,,,,,15360,,,77947,89342,182649,216,15033,197898,315208,computo distrital ine pre-tepjf
32,cps-2024.06,7,706,cps,TUXTLA GUTIERREZ,,,,,,14555,,,23796,135751,174102,160,11260,185522,319720,computo distrital ine pre-tepjf
33,cps-2024.07,7,707,cps,TONALA,,,,44187,14159,10132,96013,,18735,,183226,109,11958,195293,334559,computo distrital ine pre-tepjf
34,cps-2024.08,7,708,cps,COMITAN DE DOMINGUEZ,,,,,,7904,,,19354,142400,169658,76,11119,180853,273652,computo distrital ine pre-tepjf
35,cps-2024.09,7,709,cps,TUXTLA GUTIERREZ,,,,,,21726,,10032,41311,92163,165232,265,8084,173581,339540,computo distrital ine pre-tepjf
36,cps-2024.10,7,710,cps,VILLAFLORES,,,,,,12546,,,25058,134418,172022,155,14725,186902,324001,computo distrital ine pre-tepjf
37,cps-2024.11,7,711,cps,LAS MARGARITAS,,,,,,5824,,,14193,148585,168602,83,15017,183702,292312,computo distrital ine pre-tepjf
38,cps-2024.12,7,712,cps,TAPACHULA,,,,32811,16802,15352,76276,,26506,,167747,155,13763,181665,313366,computo distrital ine pre-tepjf
39,cps-2024.13,7,713,cps,HUEHUETAN,,,,,,9781,,,30998,130673,171452,61,14002,185515,321433,computo distrital ine pre-tepjf
40,cua-2024.01,8,801,cua,JUAREZ,,,,,,15018,,,22102,114462,151582,92,3532,155206,305759,computo distrital ine pre-tepjf
41,cua-2024.02,8,802,cua,JUAREZ,,,,,,8499,,,13390,101889,123778,96,2958,126832,292461,computo distrital ine pre-tepjf
42,cua-2024.03,8,803,cua,JUAREZ,,,,,,11300,,,23705,118508,153513,156,4988,158657,355913,computo distrital ine pre-tepjf
43,cua-2024.04,8,804,cua,JUAREZ,,,,,,15228,,,71686,98461,185375,212,3867,189454,345517,computo distrital ine pre-tepjf
44,cua-2024.05,8,805,cua,DELICIAS,,,,,,16722,,,98979,73225,188926,70,5300,194296,356137,computo distrital ine pre-tepjf
45,cua-2024.06,8,806,cua,CHIHUAHUA,,,,,,15029,,,132026,75959,223014,135,3859,227008,371404,computo distrital ine pre-tepjf
46,cua-2024.07,8,807,cua,CUAUHTEMOC,,,,,,21031,,,75222,80527,176780,68,7911,184759,366477,computo distrital ine pre-tepjf
47,cua-2024.08,8,808,cua,CHIHUAHUA,,,,,,13965,,,99505,93661,207131,141,4744,212016,383927,computo distrital ine pre-tepjf
48,cua-2024.09,8,809,cua,HIDALGO DEL PARRAL,,,,,,21937,,,73600,72061,167598,86,9707,177391,304829,computo distrital ine pre-tepjf
49,df-2024.01,9,901,df,GUSTAVO A. MADERO,,,,,,19287,,,55784,151538,226609,236,5879,232724,346230,computo distrital ine pre-tepjf
50,df-2024.02,9,902,df,GUSTAVO A. MADERO,,,,,,26945,,,119685,137157,283787,430,6938,291155,411124,computo distrital ine pre-tepjf
51,df-2024.03,9,903,df,AZCAPOTZALCO,,,,,,24882,,,101925,145385,272192,290,5263,277745,384044,computo distrital ine pre-tepjf
52,df-2024.04,9,904,df,IZTAPALAPA,,,,,,16402,,,45625,132952,194979,205,4835,200019,302032,computo distrital ine pre-tepjf
53,df-2024.05,9,905,df,TLALPAN,,,,,,21274,,,83788,126974,232036,219,6106,238361,349499,computo distrital ine pre-tepjf
54,df-2024.06,9,906,df,LA MAGDALENA CONTRERAS,,,,,,18269,,,109637,116871,244777,327,5483,250587,345995,computo distrital ine pre-tepjf
55,df-2024.07,9,907,df,GUSTAVO A. MADERO,,,,,,27695,,,97746,157556,282997,280,6722,289999,412931,computo distrital ine pre-tepjf
56,df-2024.08,9,908,df,COYOACAN,,,,,,22734,,,115586,130434,268754,420,6148,275322,379210,computo distrital ine pre-tepjf
57,df-2024.09,9,909,df,TLAHUAC,,,,,,29083,,,56940,115060,201083,206,6211,207500,318695,computo distrital ine pre-tepjf
58,df-2024.10,9,910,df,MIGUEL HIDALGO,,,,,,18111,,,124482,94188,236781,258,3657,240696,329179,computo distrital ine pre-tepjf
59,df-2024.11,9,911,df,VENUSTIANO CARRANZA,,,,,,25610,,,101969,148362,275941,320,6279,282540,404600,computo distrital ine pre-tepjf
60,df-2024.12,9,912,df,CUAUHTEMOC,,,,,,23148,,,116020,114568,253736,496,5928,260160,379246,computo distrital ine pre-tepjf
61,df-2024.13,9,913,df,IZTACALCO,,,,,,24607,,,90932,133103,248642,368,5865,254875,364050,computo distrital ine pre-tepjf
62,df-2024.14,9,914,df,TLALPAN,,,,,,8437,,,119552,129147,257136,433,6272,263841,362268,computo distrital ine pre-tepjf
63,df-2024.15,9,915,df,BENITO JUAREZ,,,,,,20012,,,193943,76004,289959,418,4738,295115,384081,computo distrital ine pre-tepjf
64,df-2024.16,9,916,df,ALVARO OBREGON,,,,,,19982,,,80415,118855,219252,262,4972,224486,322946,computo distrital ine pre-tepjf
65,df-2024.17,9,917,df,ALVARO OBREGON,,,,,,21571,,,106444,120136,248151,299,5286,253736,352783,computo distrital ine pre-tepjf
66,df-2024.18,9,918,df,IZTAPALAPA,,,,,,22259,,,76826,151288,250373,271,6065,256709,373185,computo distrital ine pre-tepjf
67,df-2024.19,9,919,df,COYOACAN,,,,,,19891,,,119601,103209,242701,231,4680,247612,333475,computo distrital ine pre-tepjf
68,df-2024.20,9,920,df,IZTAPALAPA,,,,,,19946,,,65560,174337,259843,202,6399,266444,405048,computo distrital ine pre-tepjf
69,df-2024.21,9,921,df,XOCHIMILCO,,,,,,30862,,,65806,122433,219101,232,8732,228065,354364,computo distrital ine pre-tepjf
70,df-2024.22,9,922,df,IZTAPALAPA,,,,,,12747,,,27995,140824,181566,146,4980,186692,304052,computo distrital ine pre-tepjf
71,dgo-2024.01,10,1001,dgo,VICTORIA DE DURANGO,,,,,,8552,,,70821,92926,172299,102,5749,178150,341482,computo distrital ine pre-tepjf
72,dgo-2024.02,10,1002,dgo,GOMEZ PALACIO,,,,,,12101,,,69191,107455,188747,91,4155,192993,342707,computo distrital ine pre-tepjf
73,dgo-2024.03,10,1003,dgo,LERDO,,,,,,8941,,,71466,109257,189664,94,6188,195946,357604,computo distrital ine pre-tepjf
74,dgo-2024.04,10,1004,dgo,VICTORIA DE DURANGO,,,,,,23755,,,90841,83751,198347,112,5091,203550,355825,computo distrital ine pre-tepjf
75,gua-2024.01,11,1101,gua,SAN LUIS DE LA PAZ,,,,,,11592,,,83916,66700,162208,133,6629,168970,294341,computo distrital ine pre-tepjf
76,gua-2024.02,11,1102,gua,SAN MIGUEL DE ALLENDE,,,,,,14804,,,68715,92678,176197,144,6152,182493,340704,computo distrital ine pre-tepjf
77,gua-2024.03,11,1103,gua,LEON,,,,,,14661,,,135004,63320,212985,165,3552,216702,333949,computo distrital ine pre-tepjf
78,gua-2024.04,11,1104,gua,GUANAJUATO,59710,18722,1574,,,10663,,,,71566,162235,169,6088,168492,292768,computo distrital ine pre-tepjf
79,gua-2024.05,11,1105,gua,LEON,,,,,,12741,,,92973,64549,170263,131,3385,173779,307387,computo distrital ine pre-tepjf
80,gua-2024.06,11,1106,gua,LEON,86035,6530,1131,,,12201,,,,63745,169642,119,4798,174559,300446,computo distrital ine pre-tepjf
81,gua-2024.07,11,1107,gua,SAN FRANCISCO DEL RINCON,,,,,,8116,,,91948,51356,151420,63,3775,155258,273927,computo distrital ine pre-tepjf
82,gua-2024.08,11,1108,gua,SALAMANCA,,,,,,15251,,,71464,105794,192509,186,5147,197842,343828,computo distrital ine pre-tepjf
83,gua-2024.09,11,1109,gua,IRAPUATO,,,,,,15018,,,76025,72208,163251,75,3755,167081,311508,computo distrital ine pre-tepjf
84,gua-2024.10,11,1110,gua,URIANGATO,,,,,,24679,,,64216,110291,199186,125,5781,205092,373354,computo distrital ine pre-tepjf
85,gua-2024.11,11,1111,gua,LEON,94141,8957,1397,,,15134,,,,73108,192737,124,5551,198412,330401,computo distrital ine pre-tepjf
86,gua-2024.12,11,1112,gua,CELAYA,,,,,,20169,,,79463,98078,197710,145,3663,201518,342706,computo distrital ine pre-tepjf
87,gua-2024.13,11,1113,gua,VALLE DE SANTIAGO,,,,,,10683,,,76376,92005,179064,53,5156,184273,357069,computo distrital ine pre-tepjf
88,gua-2024.14,11,1114,gua,ACAMBARO,,,,,,10618,,,69764,81979,162361,110,5779,168250,322921,computo distrital ine pre-tepjf
89,gua-2024.15,11,1115,gua,IRAPUATO,,,,,,12938,,,65271,80109,158318,103,3525,161946,305995,computo distrital ine pre-tepjf
90,gue-2024.01,12,1201,gue,CD. ALTAMIRANO,,,,,,10592,,,46930,147603,205125,164,9917,215206,360826,computo distrital ine pre-tepjf
91,gue-2024.02,12,1202,gue,ACAPULCO,,,,,,10771,,,18148,113644,142563,195,5613,148371,288196,computo distrital ine pre-tepjf
92,gue-2024.03,12,1203,gue,ZIHUATANEJO,,,,,,6543,,,39827,132227,178597,111,7295,186003,326822,computo distrital ine pre-tepjf
93,gue-2024.04,12,1204,gue,ACAPULCO,,,,,,13747,,,19897,126924,160568,280,6378,167226,312319,computo distrital ine pre-tepjf
94,gue-2024.05,12,1205,gue,TLAPA,,,,,,16578,,,52352,124674,193604,357,15950,209911,319826,computo distrital ine pre-tepjf
95,gue-2024.06,12,1206,gue,CHILAPA,,,,,,16841,,,67352,105343,189536,177,10198,199911,352788,computo distrital ine pre-tepjf
96,gue-2024.07,12,1207,gue,CHILPANCINGO,,,,,,26137,,,40997,108764,175898,435,10625,186958,332866,computo distrital ine pre-tepjf
97,gue-2024.08,12,1208,gue,OMETEPEC,,,,,,15174,,,54545,140796,210515,82,11288,221885,349779,computo distrital ine pre-tepjf
98,hgo-2024.01,13,1301,hgo,HUEJUTLA DE REYES,,,,22453,48190,11351,94324,,42645,,218963,211,13720,232894,337866,computo distrital ine pre-tepjf
99,hgo-2024.02,13,1302,hgo,IXMIQUILPAN,,,,,,17354,,,43334,159880,220568,200,10487,231255,362292,computo distrital ine pre-tepjf
100,hgo-2024.03,13,1303,hgo,ACTOPAN,,,,16606,19115,24547,95171,,47357,,202796,138,10848,213782,333242,computo distrital ine pre-tepjf
101,hgo-2024.04,13,1304,hgo,TULANCINGO DE BRAVO,,,,13301,12903,18557,90824,,42632,,178217,163,10189,188569,327338,computo distrital ine pre-tepjf
102,hgo-2024.05,13,1305,hgo,EL LLANO PRIMERA SECCION,,,,23649,28055,17918,113483,,45201,,228306,148,11408,239862,358331,computo distrital ine pre-tepjf
103,hgo-2024.06,13,1306,hgo,PACHUCA DE SOTO,,,,14893,15654,25155,108581,,52069,,216352,127,10723,227202,343493,computo distrital ine pre-tepjf
104,hgo-2024.07,13,1307,hgo,TEPEAPULCO,,,,13467,15263,20411,98327,,45232,,192700,152,9065,201917,323809,computo distrital ine pre-tepjf
105,jal-2024.01,14,1401,jal,TEQUILA,,,,,,61219,,,51595,88479,201293,63,6500,207856,333813,computo distrital ine pre-tepjf
106,jal-2024.02,14,1402,jal,LAGOS DE MORENO,,,,,,61009,,,60474,52937,174420,162,6342,180924,315947,computo distrital ine pre-tepjf
107,jal-2024.03,14,1403,jal,TEPATITLAN DE MORELOS,,,,9392,3695,50363,39999,,86059,,189508,74,8136,197718,354411,computo distrital ine pre-tepjf
108,jal-2024.04,14,1404,jal,ZAPOPAN,,,,,,64365,,,58038,76671,199074,196,4813,204083,357579,computo distrital ine pre-tepjf
109,jal-2024.05,14,1405,jal,PUERTO VALLARTA,,,,44856,8274,45778,55217,,24355,,178480,166,8235,186881,330750,computo distrital ine pre-tepjf
110,jal-2024.06,14,1406,jal,NUEVO MEXICO,,,,,,57447,,,53585,58964,169996,183,3637,173816,312664,computo distrital ine pre-tepjf
111,jal-2024.07,14,1407,jal,TONALA,,,,,,34561,,,32104,73471,140136,173,3604,143913,281206,computo distrital ine pre-tepjf
112,jal-2024.08,14,1408,jal,GUADALAJARA,,,,,,80366,,,102816,78202,261384,295,5549,267228,393980,computo distrital ine pre-tepjf
113,jal-2024.09,14,1409,jal,GUADALAJARA,,,,,,59272,,,54225,92362,205859,220,5482,211561,361431,computo distrital ine pre-tepjf
114,jal-2024.10,14,1410,jal,ZAPOPAN,,,,,,76567,,,101028,57087,234682,265,4397,239344,362245,computo distrital ine pre-tepjf
115,jal-2024.11,14,1411,jal,GUADALAJARA,,,,,,69055,,,63843,96383,229281,251,6012,235544,385744,computo distrital ine pre-tepjf
116,jal-2024.12,14,1412,jal,SANTA CRUZ DE LAS FLORES,,,,,,56231,,,57685,63139,177055,205,3553,180813,312396,computo distrital ine pre-tepjf
117,jal-2024.13,14,1413,jal,SANTA MARIA TEQUEPEXPAN,,,,,,53205,,,44100,81307,178612,176,4361,183149,319624,computo distrital ine pre-tepjf
118,jal-2024.14,14,1414,jal,TLAJOMULCO DE ZUÃ‘IGA,,,,,,37054,,,14828,60233,112115,112,2682,114909,255158,computo distrital ine pre-tepjf
119,jal-2024.15,14,1415,jal,LA BARCA,,,,,,44907,,,81089,57317,183313,126,6825,190264,343355,computo distrital ine pre-tepjf
120,jal-2024.16,14,1416,jal,TLAQUEPAQUE,,,,,,50198,,,38594,83907,172699,147,4888,177734,328419,computo distrital ine pre-tepjf
121,jal-2024.17,14,1417,jal,JOCOTEPEC,,,,,,44576,,,42694,88530,175800,202,5243,181245,312849,computo distrital ine pre-tepjf
122,jal-2024.18,14,1418,jal,AUTLAN DE NAVARRO,,,,,,62329,,,55935,84344,202608,70,7206,209884,349088,computo distrital ine pre-tepjf
123,jal-2024.19,14,1419,jal,CIUDAD GUZMAN,,,,,,61572,,,42914,96343,200829,88,6511,207428,351976,computo distrital ine pre-tepjf
124,jal-2024.20,14,1420,jal,TONALA,,,,,,39262,,,24218,65643,129123,126,3248,132497,256973,computo distrital ine pre-tepjf
125,mex-2024.01,15,1501,mex,JILOTEPEC DE MOLINA ENRIQUEZ,,,,,,14647,,,75855,137246,227748,67,7123,234938,333885,computo distrital ine pre-tepjf
126,mex-2024.02,15,1502,mex,SANTA MARIA TULTEPEC,,,,,,19800,,,52545,111633,183978,190,4458,188626,287509,computo distrital ine pre-tepjf
127,mex-2024.03,15,1503,mex,ATLACOMULCO DE FABELA,,,,,,19770,,,70774,124326,214870,224,6178,221272,319248,computo distrital ine pre-tepjf
128,mex-2024.04,15,1504,mex,CIUDAD NICOLAS ROMERO Y/O CENTRO HISTORICO SAN PEDRO ATZCAPOTZALTONGO ,,,,,,20989,,,57751,103250,181990,169,5665,187824,313688,computo distrital ine pre-tepjf
129,mex-2024.05,15,1505,mex,TEOTIHUACAN DE ARISTA,,,,,,12557,,,66968,110877,190402,179,4622,195203,292078,computo distrital ine pre-tepjf
130,mex-2024.06,15,1506,mex,COACALCO DE BERRIOZABAL,,,,,,33999,,,72625,119804,226428,187,5181,231796,351505,computo distrital ine pre-tepjf
131,mex-2024.07,15,1507,mex,CUAUTITLAN IZCALLI,,,,,,21277,,,89034,126703,237014,254,5471,242739,354464,computo distrital ine pre-tepjf
132,mex-2024.08,15,1508,mex,TULTITLAN DE MARIANO ESCOBEDO,,,,,,23718,,,58888,134775,217381,143,4982,222506,345474,computo distrital ine pre-tepjf
133,mex-2024.09,15,1509,mex,SAN FELIPE DEL PROGRESO,,,,,,9968,,,71160,116605,197733,40,8352,206125,320990,computo distrital ine pre-tepjf
134,mex-2024.10,15,1510,mex,ECATEPEC DE MORELOS,,,,,,28468,,,50415,101779,180662,271,5574,186507,302928,computo distrital ine pre-tepjf
135,mex-2024.11,15,1511,mex,ECATEPEC DE MORELOS,,,,16878,12888,20382,90715,,44538,,185401,110,13251,198762,334122,computo distrital ine pre-tepjf
136,mex-2024.12,15,1512,mex,IXTAPALUCA,,,,,,22138,,,46331,98975,167444,161,5006,172611,286295,computo distrital ine pre-tepjf
137,mex-2024.13,15,1513,mex,ECATEPEC DE MORELOS,,,,16874,14316,24155,106517,,69811,,231673,262,15317,247252,377023,computo distrital ine pre-tepjf
138,mex-2024.14,15,1514,mex,TEPEXPAN,,,,,,16659,,,54636,104987,176282,117,4911,181310,266102,computo distrital ine pre-tepjf
139,mex-2024.15,15,1515,mex,CIUDAD ADOLFO LOPEZ MATEOS,,,,,,18028,,,100620,110767,229415,200,5373,234988,363814,computo distrital ine pre-tepjf
140,mex-2024.16,15,1516,mex,ECATEPEC DE MORELOS,,,,,,16820,,,49287,124228,190335,123,5042,195500,320615,computo distrital ine pre-tepjf
141,mex-2024.17,15,1517,mex,ECATEPEC DE MORELOS,,,,8987,6980,18573,80462,,55536,,170538,174,9786,180498,276014,computo distrital ine pre-tepjf
142,mex-2024.18,15,1518,mex,HUIXQUILUCAN DE DEGOLLADO,,,,,,21688,,,106844,114384,242916,147,5823,248886,357801,computo distrital ine pre-tepjf
143,mex-2024.19,15,1519,mex,TLALNEPANTLA DE BAZ,,,,,,23492,,,127515,133858,284865,212,5488,290565,410058,computo distrital ine pre-tepjf
144,mex-2024.20,15,1520,mex,OJO DE AGUA,,,,,,16462,,,48114,93646,158222,81,3452,161755,240177,computo distrital ine pre-tepjf
145,mex-2024.21,15,1521,mex,AMECAMECA DE JUAREZ,,,,,,29767,,,43084,123803,196654,105,7016,203775,308615,computo distrital ine pre-tepjf
146,mex-2024.22,15,1522,mex,NAUCALPAN DE JUAREZ,,,,,,18165,,,129564,94624,242353,150,4677,247180,359583,computo distrital ine pre-tepjf
147,mex-2024.23,15,1523,mex,LERMA DE VILLADA,,,,,,20248,,,63566,123688,207502,274,6291,214067,315877,computo distrital ine pre-tepjf
148,mex-2024.24,15,1524,mex,NAUCALPAN DE JUAREZ,,,,,,23641,,,73946,148411,245998,200,6387,252585,409687,computo distrital ine pre-tepjf
149,mex-2024.25,15,1525,mex,CHIMALHUACAN,5609,36087,3343,,,12215,,,,99658,156912,116,5735,162763,301694,computo distrital ine pre-tepjf
150,mex-2024.26,15,1526,mex,TOLUCA DE LERDO,,,,,,22369,,,72271,117472,212112,209,5327,217648,339038,computo distrital ine pre-tepjf
151,mex-2024.27,15,1527,mex,METEPEC,,,,,,24591,,,108783,121709,255083,185,5151,260419,362402,computo distrital ine pre-tepjf
152,mex-2024.28,15,1528,mex,ZUMPANGO DE OCAMPO,,,,,,22310,,,42124,91417,155851,121,5411,161383,270634,computo distrital ine pre-tepjf
153,mex-2024.29,15,1529,mex,CD. NEZAHUALCOYOTL,,,,15945,8271,29077,109968,,52828,,216089,171,12579,228839,354153,computo distrital ine pre-tepjf
154,mex-2024.30,15,1530,mex,CHIMALHUACAN,,,,,,13721,,,45751,94201,153673,127,4700,158500,285204,computo distrital ine pre-tepjf
155,mex-2024.31,15,1531,mex,CD. NEZAHUALCOYOTL,,,,11671,8295,28971,117249,,50660,,216846,211,12985,230042,366199,computo distrital ine pre-tepjf
156,mex-2024.32,15,1532,mex,VALLE DE CHALCO SOLIDARIDAD,7937,17139,9508,,,15534,,,,108312,158430,116,6825,165371,282755,computo distrital ine pre-tepjf
157,mex-2024.33,15,1533,mex,CHALCO DE DIAZ COVARRUBIAS,,,,25104,4959,12314,87131,,28265,,157773,117,9947,167837,289760,computo distrital ine pre-tepjf
158,mex-2024.34,15,1534,mex,TOLUCA DE LERDO,,,,,,28493,,,107464,121818,257775,188,5646,263609,380824,computo distrital ine pre-tepjf
159,mex-2024.35,15,1535,mex,TENANCINGO DE DEGOLLADO,,,,,,34695,,,54117,119718,208530,150,9043,217723,343289,computo distrital ine pre-tepjf
160,mex-2024.36,15,1536,mex,TEJUPILCO DE HIDALGO,,,,,,19038,,,62976,123285,205299,222,9491,215012,321533,computo distrital ine pre-tepjf
161,mex-2024.37,15,1537,mex,TEOLOYUCAN,,,,,,25017,,,52225,127144,204386,448,6676,211510,335385,computo distrital ine pre-tepjf
162,mex-2024.38,15,1538,mex,TEXCOCO DE MORA,,,,,,19086,,,46458,110093,175637,203,4961,180801,294656,computo distrital ine pre-tepjf
163,mex-2024.39,15,1539,mex,LOS REYES ACAQUILPAN,,,,,,12306,,,53088,99956,165350,152,4779,170281,287537,computo distrital ine pre-tepjf
164,mex-2024.40,15,1540,mex,SAN MIGUEL ZINACANTEPEC,,,,,,28927,,,79419,119809,228155,193,7814,236162,364316,computo distrital ine pre-tepjf
165,mic-2024.01,16,1601,mic,LAZARO CARDENAS,,,,14615,22416,12691,73176,,33496,,156394,106,13513,170013,309754,computo distrital ine pre-tepjf
166,mic-2024.02,16,1602,mic,APATZINGAN DE LA CONSTITUCION,,,,,,19571,,,52832,71361,143764,928,7274,151966,313466,computo distrital ine pre-tepjf
167,mic-2024.03,16,1603,mic,HEROICA ZITACUARO,,,,,,24422,,,55076,114141,193639,186,11513,205338,363321,computo distrital ine pre-tepjf
168,mic-2024.04,16,1604,mic,JIQUILPAN DE JUAREZ,,,,,,22357,,,65484,77640,165481,102,6432,172015,320643,computo distrital ine pre-tepjf
169,mic-2024.05,16,1605,mic,ZAMORA DE HIDALGO,,,,,,14615,,,74998,85703,175316,144,6213,181673,364077,computo distrital ine pre-tepjf
170,mic-2024.06,16,1606,mic,CIUDAD HIDALGO,,,,,,28069,,,71229,95388,194686,181,10584,205451,351647,computo distrital ine pre-tepjf
171,mic-2024.07,16,1607,mic,ZACAPU,,,,,,30725,,,51085,108606,190416,149,12118,202683,357256,computo distrital ine pre-tepjf
172,mic-2024.08,16,1608,mic,MORELIA,,,,,,19435,,,65092,91408,175935,236,7732,183903,331600,computo distrital ine pre-tepjf
173,mic-2024.09,16,1609,mic,URUAPAN DEL PROGRESO,,,,,,9643,,61980,37434,60268,169325,92,7938,177355,311403,computo distrital ine pre-tepjf
174,mic-2024.10,16,1610,mic,MORELIA,,,,,,17777,,,100730,77735,196242,212,7238,203692,339972,computo distrital ine pre-tepjf
175,mic-2024.11,16,1611,mic,PATZCUARO,,,,,,20861,,,57205,102230,180296,149,12874,193319,332839,computo distrital ine pre-tepjf
176,mor-2024.01,17,1701,mor,CUERNAVACA,,,,,,27900,,,76549,96638,201087,293,6750,208130,320126,computo distrital ine pre-tepjf
177,mor-2024.02,17,1702,mor,JIUTEPEC,,,,,,23217,,,54925,122579,200721,170,7880,208771,346482,computo distrital ine pre-tepjf
178,mor-2024.03,17,1703,mor,CUAUTLA,,,,,,28475,,,45924,105954,180353,122,8982,189457,307118,computo distrital ine pre-tepjf
179,mor-2024.04,17,1704,mor,LOS PILARES,,,,,,17688,,,30677,139795,188160,121,7772,196053,313252,computo distrital ine pre-tepjf
180,mor-2024.05,17,1705,mor,YAUTEPEC,,,,,,26209,,,30634,108685,165528,144,8507,174179,262692,computo distrital ine pre-tepjf
181,nay-2024.01,18,1801,nay,SANTIAGO IXCUINTLA,,,,,,33149,,,29261,97648,160058,232,8733,169023,273319,computo distrital ine pre-tepjf
182,nay-2024.02,18,1802,nay,TEPIC,,,,,,33979,,,42663,97032,173674,175,5864,179713,328635,computo distrital ine pre-tepjf
183,nay-2024.03,18,1803,nay,COMPOSTELA,,,,,,25579,,,42295,107945,175819,95,8437,184351,348749,computo distrital ine pre-tepjf
184,nl-2024.01,19,1901,nl,SANTA CATARINA,,,,,,53826,,,105767,51649,211242,120,4392,215754,348754,computo distrital ine pre-tepjf
185,nl-2024.02,19,1902,nl,APODACA,,,,,,37457,,,79337,68209,185003,147,3762,188912,332281,computo distrital ine pre-tepjf
186,nl-2024.03,19,1903,nl,GRAL. ESCOBEDO,,,,,,43851,,,34754,82832,161437,138,3833,165408,338096,computo distrital ine pre-tepjf
187,nl-2024.04,19,1904,nl,SAN NICOLAS DE LOS GARZA,,,,,,62163,,,101399,67447,231009,126,4479,235614,367638,computo distrital ine pre-tepjf
188,nl-2024.05,19,1905,nl,MONTERREY,,,,,,45247,,,44478,71409,161134,149,5646,166929,322358,computo distrital ine pre-tepjf
189,nl-2024.06,19,1906,nl,MONTERREY,,,,,,49864,,,113032,49291,212187,176,3967,216330,320513,computo distrital ine pre-tepjf
190,nl-2024.07,19,1907,nl,FRACC. VALLE DE LINCOLN,,,,,,39425,,,17662,58493,115580,136,2520,118236,247937,computo distrital ine pre-tepjf
191,nl-2024.08,19,1908,nl,GUADALUPE,,,,,,43620,,,59650,78214,181484,129,4752,186365,331040,computo distrital ine pre-tepjf
192,nl-2024.09,19,1909,nl,LINARES,,,,,,43605,,,80186,56849,180640,59,7451,188150,314627,computo distrital ine pre-tepjf
193,nl-2024.10,19,1910,nl,MONTERREY,,,,,,53200,,,101241,44465,198906,152,4258,203316,320492,computo distrital ine pre-tepjf
194,nl-2024.11,19,1911,nl,GUADALUPE,,,,,,56871,,,80428,79834,217133,162,4988,222283,374068,computo distrital ine pre-tepjf
195,nl-2024.12,19,1912,nl,BENITO JUAREZ,,,,,,49264,,,33580,57263,140107,65,3489,143661,302856,computo distrital ine pre-tepjf
196,nl-2024.13,19,1913,nl,SALINAS VICTORIA,,,,,,46332,,,28936,50912,126180,74,4200,130454,248124,computo distrital ine pre-tepjf
197,nl-2024.14,19,1914,nl,PESQUERIA,,,,,,33926,,,48906,58988,141820,66,4496,146382,297065,computo distrital ine pre-tepjf
198,oax-2024.01,20,2001,oax,SAN JUAN BAUTISTA TUXTEPEC,,,,,,17508,,,31449,150116,199073,164,8521,207758,316931,computo distrital ine pre-tepjf
199,oax-2024.02,20,2002,oax,TEOTITLAN DE FLORES MAGON,,,,,,17591,,,40641,117528,175760,110,10149,186019,283550,computo distrital ine pre-tepjf
200,oax-2024.03,20,2003,oax,HEROICA CIUDAD DE HUAJUAPAN DE LEON,,,,,,17842,,,38660,144712,201214,160,9263,210637,353366,computo distrital ine pre-tepjf
201,oax-2024.04,20,2004,oax,TLACOLULA DE MATAMOROS,,,,16430,22945,9682,94110,,20965,,164132,162,13632,177926,342854,computo distrital ine pre-tepjf
202,oax-2024.05,20,2005,oax,SALINA CRUZ,,,,36437,25251,7441,81978,,13672,,164779,57,9453,174289,279218,computo distrital ine pre-tepjf
203,oax-2024.06,20,2006,oax,HEROICA CIUDAD DE TLAXIACO,,,,,,6495,,,17511,128549,152555,170,8297,161022,288930,computo distrital ine pre-tepjf
204,oax-2024.07,20,2007,oax,CIUDAD IXTEPEC,,,,,,18747,,,16452,128660,163859,79,8523,172461,266757,computo distrital ine pre-tepjf
205,oax-2024.08,20,2008,oax,OAXACA DE JUAREZ,,,,,,30234,,,51825,129515,211574,287,8749,220610,352039,computo distrital ine pre-tepjf
206,oax-2024.09,20,2009,oax,PUERTO ESCONDIDO,,,,,,5729,,,37222,121546,164497,134,8571,173202,297175,computo distrital ine pre-tepjf
207,oax-2024.10,20,2010,oax,MIAHUATLAN DE PORFIRIO DIAZ,,,,21579,23159,11210,88781,,23156,,167885,136,14241,182262,331166,computo distrital ine pre-tepjf
208,pue-2024.01,21,2101,pue,HUAUCHINANGO DE DEGOLLADO,,,,,,15419,,,51246,121351,188016,122,12542,200680,300629,computo distrital ine pre-tepjf
209,pue-2024.02,21,2102,pue,CUAUTILULCO BARRIO,,,,,,11520,,,69334,120368,201222,152,12121,213495,299720,computo distrital ine pre-tepjf
210,pue-2024.03,21,2103,pue,TEZIUTLAN,,,,,,18646,,,46440,134625,199711,109,10981,210801,307458,computo distrital ine pre-tepjf
211,pue-2024.04,21,2104,pue,LIBRES,,,,,,25664,,,44309,129761,199734,85,11824,211643,297941,computo distrital ine pre-tepjf
212,pue-2024.05,21,2105,pue,SAN MARTIN TEXMELUCAN DE LABASTIDA,,,,,,26816,,,39358,121538,187712,146,8922,196780,313737,computo distrital ine pre-tepjf
213,pue-2024.06,21,2106,pue,HEROICA PUEBLA DE ZARAGOZA,,,,,,15426,,,53654,122070,191150,123,6112,197385,332209,computo distrital ine pre-tepjf
214,pue-2024.07,21,2107,pue,TEPEACA,,,,,,15546,,,33571,124745,173862,108,8096,182066,282617,computo distrital ine pre-tepjf
215,pue-2024.08,21,2108,pue,CIUDAD SERDAN,,,,,,23985,,,32941,117264,174190,140,11176,185506,280668,computo distrital ine pre-tepjf
216,pue-2024.09,21,2109,pue,HEROICA PUEBLA DE ZARAGOZA,,,,,,18138,,,81775,130092,230005,208,6404,236617,372504,computo distrital ine pre-tepjf
217,pue-2024.10,21,2110,pue,CHOLULA DE RIVADAVIA,,,,,,23846,,,83696,102980,210522,190,6452,217164,325597,computo distrital ine pre-tepjf
218,pue-2024.11,21,2111,pue,HEROICA PUEBLA DE ZARAGOZA,,,,,,16390,,,70174,110372,196936,173,6240,203349,325588,computo distrital ine pre-tepjf
219,pue-2024.12,21,2112,pue,HEROICA PUEBLA DE ZARAGOZA,,,,,,15390,,,77161,110815,203366,142,6310,209818,341386,computo distrital ine pre-tepjf
220,pue-2024.13,21,2113,pue,ATLIXCO,,,,,,15104,,,46644,113902,175650,191,9192,185033,291072,computo distrital ine pre-tepjf
221,pue-2024.14,21,2114,pue,IZUCAR DE MATAMOROS,,,,,,8786,,,46318,135658,190762,102,7970,198834,307227,computo distrital ine pre-tepjf
222,pue-2024.15,21,2115,pue,TEHUACAN,,,,,,15776,,,41002,124702,181480,124,7828,189432,304492,computo distrital ine pre-tepjf
223,pue-2024.16,21,2116,pue,AJALPAN,,,,,,15459,,,54210,129223,198892,74,14119,213085,295891,computo distrital ine pre-tepjf
224,que-2024.01,22,2201,que,CADEREYTA DE MONTES,,,,,,14621,,,75023,112486,202130,120,9468,211718,320314,computo distrital ine pre-tepjf
225,que-2024.02,22,2202,que,SAN JUAN DEL RIO,,,,,,13673,,,70666,83940,168279,183,6242,174704,288850,computo distrital ine pre-tepjf
226,que-2024.03,22,2203,que,SANTIAGO DE QUERETARO,,,,9404,4765,15436,78523,,98955,,207083,248,10579,217910,347214,computo distrital ine pre-tepjf
227,que-2024.04,22,2204,que,SANTIAGO DE QUERETARO,,,,10285,4105,12796,63647,,137511,,228344,199,8879,237422,365448,computo distrital ine pre-tepjf
228,que-2024.05,22,2205,que,PEDRO ESCOBEDO,,,,,,9016,,,79033,75349,163398,137,5016,168551,266989,computo distrital ine pre-tepjf
229,que-2024.06,22,2206,que,SANTIAGO DE QUERETARO,,,,,,11926,,,71203,87017,170146,157,4174,174477,310336,computo distrital ine pre-tepjf
230,qui-2024.01,23,2301,qui,PLAYA DEL CARMEN,,,,,,10753,,,52751,140647,204151,221,7314,211686,383970,computo distrital ine pre-tepjf
231,qui-2024.02,23,2302,qui,CHETUMAL,,,,,,36431,,,30029,141503,207963,155,9002,217120,351479,computo distrital ine pre-tepjf
232,qui-2024.03,23,2303,qui,CANCUN,,,,40547,6723,16138,108866,,26476,,198750,424,13872,213046,393937,computo distrital ine pre-tepjf
233,qui-2024.04,23,2304,qui,CANCUN,,,,,,12031,,,46172,113066,171269,223,4464,175956,330716,computo distrital ine pre-tepjf
234,san-2024.01,24,2401,san,MATEHUALA,,,,,,23369,,,35331,112070,170770,117,12633,183520,299973,computo distrital ine pre-tepjf
235,san-2024.02,24,2402,san,SOLEDAD DE GRACIANO SANCHEZ,,,,,,16148,,,36162,103700,156010,208,6179,162397,277202,computo distrital ine pre-tepjf
236,san-2024.03,24,2403,san,RIOVERDE,,,,,,23124,,,44410,98021,165555,153,10455,176163,296799,computo distrital ine pre-tepjf
237,san-2024.04,24,2404,san,CIUDAD VALLES,,,,,,12644,,,63496,116827,192967,133,11933,205033,325250,computo distrital ine pre-tepjf
238,san-2024.05,24,2405,san,SAN LUIS POTOSI,,,,,,18644,,,102448,90179,211271,292,6246,217809,348324,computo distrital ine pre-tepjf
239,san-2024.06,24,2406,san,SAN LUIS POTOSI,,,,,,22097,,,53600,119997,195694,287,6709,202690,340364,computo distrital ine pre-tepjf
240,san-2024.07,24,2407,san,TAMAZUNCHALE,,,,,,13609,,,32837,143750,190196,117,15150,205463,297627,computo distrital ine pre-tepjf
241,sin-2024.01,25,2501,sin,MAZATLAN,,,,,,8212,,,36463,122167,166842,121,5001,171964,325222,computo distrital ine pre-tepjf
242,sin-2024.02,25,2502,sin,LOS MOCHIS,,,,12691,9275,15846,102435,,52793,,193040,90,10788,203918,357699,computo distrital ine pre-tepjf
243,sin-2024.03,25,2503,sin,GUAMUCHIL,,,,,,13795,,,49202,124762,187759,91,6512,194362,341485,computo distrital ine pre-tepjf
244,sin-2024.04,25,2504,sin,GUASAVE,,,,,,13822,,,35672,129671,179165,91,5376,184632,323676,computo distrital ine pre-tepjf
245,sin-2024.05,25,2505,sin,CULIACAN DE ROSALES,,,,,,14982,,,65300,112975,193257,157,4126,197540,337406,computo distrital ine pre-tepjf
246,sin-2024.06,25,2506,sin,MAZATLAN,,,,9553,6959,13291,96779,,56908,,183490,150,10348,193988,342640,computo distrital ine pre-tepjf
247,sin-2024.07,25,2507,sin,CULIACAN DE ROSALES,,,,,,11122,,,51009,108408,170539,141,4442,175122,332604,computo distrital ine pre-tepjf
248,son-2024.01,26,2601,son,SAN LUIS RIO COLORADO,,,,,,21926,,,39515,78945,140386,141,4904,145431,321924,computo distrital ine pre-tepjf
249,son-2024.02,26,2602,son,NOGALES,,,,,,22220,,,40915,98023,161158,195,6078,167431,374554,computo distrital ine pre-tepjf
250,son-2024.03,26,2603,son,HERMOSILLO,,,,,,15141,,,45974,95510,156625,125,4201,160951,332326,computo distrital ine pre-tepjf
251,son-2024.04,26,2604,son,GUAYMAS,,,,,,15326,,,44064,105524,164914,72,6067,171053,303144,computo distrital ine pre-tepjf
252,son-2024.05,26,2605,son,HERMOSILLO,,,,,,15742,,,78726,91112,185580,135,3905,189620,348834,computo distrital ine pre-tepjf
253,son-2024.06,26,2606,son,CD. OBREGON,,,,,,20330,,,33730,113574,167634,108,3490,171232,330895,computo distrital ine pre-tepjf
254,son-2024.07,26,2607,son,NAVOJOA,,,,,,14992,,,30846,106256,152094,51,4802,156947,279481,computo distrital ine pre-tepjf
255,tab-2024.01,27,2701,tab,MACUSPANA,,,,13769,10817,12934,91421,,17909,,146850,74,10310,157234,261072,computo distrital ine pre-tepjf
256,tab-2024.02,27,2702,tab,HEROICA CARDENAS,,,,7810,4421,12359,119627,,29182,,173399,134,11817,185350,319209,computo distrital ine pre-tepjf
257,tab-2024.03,27,2703,tab,COMALCALCO,,,,8684,3194,7217,109066,,34242,,162403,102,10146,172651,263471,computo distrital ine pre-tepjf
258,tab-2024.04,27,2704,tab,VILLAHERMOSA,,,,13218,10454,14002,122237,,25127,,185038,229,12952,198219,327593,computo distrital ine pre-tepjf
259,tab-2024.05,27,2705,tab,PARAISO,,,,14437,21474,17471,124677,,23491,,201550,93,12325,213968,331686,computo distrital ine pre-tepjf
260,tab-2024.06,27,2706,tab,RANCHERIA IXTACOMITAN 1RA SECCION,,,,14891,13159,17264,107661,,15136,,168111,111,12111,180333,308596,computo distrital ine pre-tepjf
261,tam-2024.01,28,2801,tam,NUEVO LAREDO,,,,,,7221,,,80779,101216,189216,60,3705,192981,340557,computo distrital ine pre-tepjf
262,tam-2024.02,28,2802,tam,REYNOSA,,,,,,17087,,,37807,111858,166752,107,4449,171308,335732,computo distrital ine pre-tepjf
263,tam-2024.03,28,2803,tam,RIO BRAVO,,,,,,13704,,,61437,118330,193471,115,6703,200289,353163,computo distrital ine pre-tepjf
264,tam-2024.04,28,2804,tam,H. MATAMOROS,,,,,,31378,,,43526,99421,174325,501,6014,180840,358261,computo distrital ine pre-tepjf
265,tam-2024.05,28,2805,tam,CIUDAD VICTORIA,,,,,,17995,,,63909,141857,223761,140,7714,231615,353679,computo distrital ine pre-tepjf
266,tam-2024.06,28,2806,tam,CIUDAD MANTE,,,,,,12853,,,65657,139279,217789,120,6412,224321,378810,computo distrital ine pre-tepjf
267,tam-2024.07,28,2807,tam,REYNOSA,,,,,,15181,,,31670,97505,144356,96,3793,148245,300835,computo distrital ine pre-tepjf
268,tam-2024.08,28,2808,tam,TAMPICO,,,,,,11335,,,125627,123321,260283,143,4057,264483,427966,computo distrital ine pre-tepjf
269,tla-2024.01,29,2901,tla,APIZACO,,,,,,48261,,,53091,124121,225473,172,12814,238459,341297,computo distrital ine pre-tepjf
270,tla-2024.02,29,2902,tla,TLAXCALA DE XICOHTENCATL,,,,,,30450,,,49433,150335,230218,294,14609,245121,358615,computo distrital ine pre-tepjf
271,tla-2024.03,29,2903,tla,ZACATELCO,,,,,,26663,,,55380,155655,237698,146,13881,251725,341482,computo distrital ine pre-tepjf
272,ver-2024.01,30,3001,ver,PANUCO,,,,,,9727,,,59842,113374,182943,58,6389,189390,312831,computo distrital ine pre-tepjf
273,ver-2024.02,30,3002,ver,ALAMO,,,,,,13098,,,47075,113531,173704,106,7481,181291,301322,computo distrital ine pre-tepjf
274,ver-2024.03,30,3003,ver,COSOLEACAQUE,,,,,,8919,,,36611,137495,183025,69,6181,189275,328980,computo distrital ine pre-tepjf
275,ver-2024.04,30,3004,ver,BOCA DEL RIO,,,,,,13896,,,93886,85796,193578,93,4192,197863,311524,computo distrital ine pre-tepjf
276,ver-2024.05,30,3005,ver,POZA RICA DE HIDALGO,,,,,,21068,,,43444,135589,200101,132,5666,205899,348629,computo distrital ine pre-tepjf
277,ver-2024.06,30,3006,ver,PAPANTLA DE OLARTE,,,,,,17562,,,47351,115718,180631,59,6114,186804,309846,computo distrital ine pre-tepjf
278,ver-2024.07,30,3007,ver,MARTINEZ DE LA TORRE,,,,,,12481,,,46225,119603,178309,112,6370,184791,326277,computo distrital ine pre-tepjf
279,ver-2024.08,30,3008,ver,LAS TRANCAS,,,,17964,9316,20248,96713,,43898,,188139,115,12737,200991,331554,computo distrital ine pre-tepjf
280,ver-2024.09,30,3009,ver,COATEPEC,,,,,,14809,,,57296,115089,187194,118,6919,194231,315549,computo distrital ine pre-tepjf
281,ver-2024.10,30,3010,ver,XALAPA,,,,,,21744,,,112111,112617,246472,212,6225,252909,394211,computo distrital ine pre-tepjf
282,ver-2024.11,30,3011,ver,COATZACOALCOS,,,,,,21767,,,26937,142298,191002,133,3968,195103,317656,computo distrital ine pre-tepjf
283,ver-2024.12,30,3012,ver,VERACRUZ,,,,,,13532,,,59669,99494,172695,122,3415,176232,297195,computo distrital ine pre-tepjf
284,ver-2024.13,30,3013,ver,HUATUSCO,,,,,,10615,,,59443,98970,169028,106,5783,174917,290827,computo distrital ine pre-tepjf
285,ver-2024.14,30,3014,ver,MINATITLAN,,,,,,16895,,,23814,128545,169254,105,5033,174392,296362,computo distrital ine pre-tepjf
286,ver-2024.15,30,3015,ver,ORIZABA,,,,,,20737,,,55384,100852,176973,160,6785,183918,298468,computo distrital ine pre-tepjf
287,ver-2024.16,30,3016,ver,CORDOBA,,,,,,21769,,,53063,128036,202868,158,5521,208547,334545,computo distrital ine pre-tepjf
288,ver-2024.17,30,3017,ver,COSAMALOAPAN,,,,,,14122,,,50415,119211,183748,130,6697,190575,331453,computo distrital ine pre-tepjf
289,ver-2024.18,30,3018,ver,ZONGOLICA,,,,,,13552,,,50122,104113,167787,106,8305,176198,305271,computo distrital ine pre-tepjf
290,ver-2024.19,30,3019,ver,SAN ANDRES TUXTLA,,,,,,18551,,,39418,107817,165786,93,7822,173701,328265,computo distrital ine pre-tepjf
291,yuc-2024.01,31,3101,yuc,VALLADOLID,,,,,,4540,,,91030,113895,209465,28,5067,214560,275111,computo distrital ine pre-tepjf
292,yuc-2024.02,31,3102,yuc,PROGRESO,,,,,,12146,,,100375,130896,243417,86,8199,251702,310614,computo distrital ine pre-tepjf
293,yuc-2024.03,31,3103,yuc,MERIDA,,,,,,11838,,,72226,98915,182979,136,5506,188621,298755,computo distrital ine pre-tepjf
294,yuc-2024.04,31,3104,yuc,MERIDA,,,,,,13386,,,118186,69479,201051,177,3870,205098,287291,computo distrital ine pre-tepjf
295,yuc-2024.05,31,3105,yuc,UMAN,,,,,,11796,,,75401,140866,228063,82,8509,236654,310091,computo distrital ine pre-tepjf
296,yuc-2024.06,31,3106,yuc,MERIDA,,,,,,11881,,,69864,93487,175232,108,5410,180750,284247,computo distrital ine pre-tepjf
297,zac-2024.01,32,3201,zac,FRESNILLO,,,,,,19239,,,73885,80664,173788,166,6183,180137,318116,computo distrital ine pre-tepjf
298,zac-2024.02,32,3202,zac,JEREZ DE GARCIA SALINAS,,,,,,23636,,,70884,96474,190994,134,8908,200036,344667,computo distrital ine pre-tepjf
299,zac-2024.03,32,3203,zac,ZACATECAS,,,,,,25786,,,70070,99264,195120,255,8825,204200,319289,computo distrital ine pre-tepjf
300,zac-2024.04,32,3204,zac,GUADALUPE,,,,,,23638,,,56558,91486,171682,156,6688,178526,283905,computo distrital ine pre-tepjf
